title,company,location,description,redirect_url,skills
Data Scientist,Peregrine,"The City, Central London","At Peregrine, were constantly seeking Specialist Talent that offer the ideal mix of skills, experience, and attitude, to place with our vast array of clients. From Project Change Professionals in large government organisations to Software Developers in the private sector we are always in search of the best talent to place, now. How Specialist Talent Works At Peregrine, we find the best talent for our clients. Unlike traditional contractors, where you are hired by the client, you remain a perman…",https://www.adzuna.co.uk/jobs/land/ad/5250572746?se=Iq3xeohO8BG_Ctxhj4VHjg&utm_medium=api&utm_source=3586d0fb&v=FD726266B301AFE5712D3DF55894B1EDC5C2E9E6,[]
Data Scientist,Sanderson,"London, UK","Role: Data Scientist Location: City of London Salary: £60,000 - £70,000 Working model: Hybrid (1-2 days per week in the office) My client, a leading insurance company, is looking for a Data Scientist to join their team. This is an exciting opportunity to become part of a well-established yet growing organisation. Key requirements for the role Strong experience with Snowflake, Python (advanced level), and Azure DevOp Proficient in SQL Your Python skills must be advance Experience with code versi…",https://www.adzuna.co.uk/jobs/land/ad/5218234982?se=Iq3xeohO8BG_Ctxhj4VHjg&utm_medium=api&utm_source=3586d0fb&v=FA281D39093D6B53A425D02DFC698EC5B355C13D,"['sql', 'azure', 'python']"
Senior Data Scientist,IO Associates,"London, UK","Senior Data Scientist £45,000-£65,000 London (Remote) iO Associates have partnered with a fast-growing data & AI product company. They are expanding their team and hiring a Senior Data Scientist to own technically rich projects, mentor junior team members, and drive the development of scalable, production-ready machine learning models. This role suits someone who is not only technically strong, but solution-oriented, strategically minded, and able to communicate insights clearly to both technic…",https://www.adzuna.co.uk/jobs/land/ad/5260533498?se=Iq3xeohO8BG_Ctxhj4VHjg&utm_medium=api&utm_source=3586d0fb&v=155B14B358BC794E2C859B30B9E4B4CC65970FDE,[]
Senior Data Scientist,Datix Limited,"Richmond, West London","RLDatix is on a mission to transform care delivery worldwide, ensuring every patient receives the safest, highest-quality care. Through our innovative Healthcare Operations Platform, we're connecting data to unlock trusted insights that enable improved decision-making and help deliver safer healthcare for all. At RLDatix were making healthcare safer, together. Our shared passion for meaningful work drives us, while a supportive, respectful culture makes it all possible. As a team, we collaborat…",https://www.adzuna.co.uk/jobs/land/ad/5200589480?se=Iq3xeohO8BG_Ctxhj4VHjg&utm_medium=api&utm_source=3586d0fb&v=33A0D3E77C9C98F08FA35F88C547DA2A6C023E03,[]
Data Scientist / Senior Data Scientist,C3 AI,"London, UK","C3 AI (NYSE: AI), is the Enterprise AI application software company. C3 AI delivers a family of fully integrated products including the C3 Agentic AI Platform, an end-to-end platform for developing, deploying, and operating enterprise AI applications, C3 AI applications, a portfolio of industry-specific SaaS enterprise AI applications that enable the digital transformation of organizations globally, and C3 Generative AI, a suite of domain-specific generative AI offerings for the enterprise As a…",https://www.adzuna.co.uk/jobs/land/ad/5244506679?se=Iq3xeohO8BG_Ctxhj4VHjg&utm_medium=api&utm_source=3586d0fb&v=1ABE8B9E64409F05BA7E0FFE07F823D448B260D4,[]
Data Scientist,SGI,"London, UK","Job Title: Data Scientist Salary: Up to £95k  bonus Location: London (3x in office) I am exclusively partnering with a growing hedge fund in the UK to support their search for a Data Scientist . This is a high-impact role where you'll apply cutting-edge NLP, LLMs, and generative AI to real-world business challenges. From automating internal workflows to building AI-first tools that uncover new insights, your work will directly influence how the organisation operates and grows. Responsibilities:…",https://www.adzuna.co.uk/jobs/land/ad/5232025276?se=Iq3xeohO8BG_Ctxhj4VHjg&utm_medium=api&utm_source=3586d0fb&v=6824B630CBAA2291475927A45DCF1004B493FCE9,['nlp']
Data Scientist,Albert Bow,"The City, Central London","AI Engineer / Data Scientist Location: London (Hybrid – 1 day per week in-office) Salary: Up to £90,000  10% bonus  equity We're looking for a curious, product-minded AI Engineer/Data Scientist to join a high-performing, close-knit team working on cutting-edge AI solutions in NLP and time series. This is a rare opportunity to contribute to both the experimentation and long-term success of impactful, user-facing AI systems. What You’ll Be Doing: Building and iterating on AI prototypes using NLP …",https://www.adzuna.co.uk/jobs/land/ad/5254328984?se=Iq3xeohO8BG_Ctxhj4VHjg&utm_medium=api&utm_source=3586d0fb&v=7708C813BCC4E208DF81B4D49C520C29E06AFD88,['nlp']
Data Scientist,Albert Bow,"London, UK","AI Engineer / Data Scientist Location: London (Hybrid – 1 day per week in-office) Salary: Up to £90,000  10% bonus  equity We're looking for a curious, product-minded AI Engineer/Data Scientist to join a high-performing, close-knit team working on cutting-edge AI solutions in NLP and time series. This is a rare opportunity to contribute to both the experimentation and long-term success of impactful, user-facing AI systems. What You’ll Be Doing: Building and iterating on AI prototypes using NLP …",https://www.adzuna.co.uk/jobs/land/ad/5254340628?se=Iq3xeohO8BG_Ctxhj4VHjg&utm_medium=api&utm_source=3586d0fb&v=6C33CA2103279D12BB0ED51EC0911FCF0391DA24,['nlp']
Data Scientist,83zero,"London, UK",Principal Data Scientist (Offering Lead) Up to £100k base  benefits and bonus London/ Hybrid My growing consulting client is looking for a Principal Data Scientist (Offering Lead) within their Data and AI practice. We are seeking a Principal Data Scientist with exceptional commercial acumen and a strong focus on driving business growth through data-driven insights and leveraging AI solutions. This role is ideal for a strategic technical leader who combines deep technical expertise in data scien…,https://www.adzuna.co.uk/jobs/land/ad/5254323128?se=Iq3xeohO8BG_Ctxhj4VHjg&utm_medium=api&utm_source=3586d0fb&v=D37B81197A41B1D1587F11DA57BFB3C3F13C5C08,[]
Data Scientist,83zero,"The City, Central London",Principal Data Scientist (Offering Lead) Up to £100k base  benefits and bonus London/ Hybrid My growing consulting client is looking for a Principal Data Scientist (Offering Lead) within their Data and AI practice. We are seeking a Principal Data Scientist with exceptional commercial acumen and a strong focus on driving business growth through data-driven insights and leveraging AI solutions. This role is ideal for a strategic technical leader who combines deep technical expertise in data scien…,https://www.adzuna.co.uk/jobs/land/ad/5254333148?se=Iq3xeohO8BG_Ctxhj4VHjg&utm_medium=api&utm_source=3586d0fb&v=ECE387B00BAAD71BCEB2D8AE078EC7FD49A65FBB,[]
Data Scientist,Harnham,"The City, Central London","Senior Marketing Data Scientist Up to £75,000 Hybrid - London A great opportunity to join a leading customer data science company as a Senior Marketing Data Scientist THE BUSINESS The business is a global leader in customer data science, empowering businesses to compete and thrive in the modern-data driven economy always putting the customer first. Enabling businesses to grow and diversify by utilising and understanding data and ensuring the customer is put first. Joining the business as a Seni…",https://www.adzuna.co.uk/jobs/land/ad/5248996038?se=Iq3xeohO8BG_Ctxhj4VHjg&utm_medium=api&utm_source=3586d0fb&v=3BF151C5F7703906494B404F7C999C23B87CCF77,[]
Data Scientist,Harnham,"London, UK","Senior Marketing Data Scientist Up to £75,000 Hybrid - London A great opportunity to join a leading customer data science company as a Senior Marketing Data Scientist THE BUSINESS The business is a global leader in customer data science, empowering businesses to compete and thrive in the modern-data driven economy always putting the customer first. Enabling businesses to grow and diversify by utilising and understanding data and ensuring the customer is put first. Joining the business as a Seni…",https://www.adzuna.co.uk/jobs/land/ad/5208176509?se=Iq3xeohO8BG_Ctxhj4VHjg&utm_medium=api&utm_source=3586d0fb&v=D21DDF952FCE4022CF9216603016FE1FD6C9F654,[]
Data Scientist,Understanding Recruitment,"London, UK"," Consumer AI | London | AI Engineer / Data Scientist A fast-moving insights & analytics startup is searching for an AI Engineer / Data Scientist to help build cutting-edge data science solutions powered by digital consumer signals. The team works with massive volumes of digital data, turning it into clear, actionable insights using NLP, LLMs, and advanced marketing data science, helping brands make smarter, faster decisions. This team blends deep technical expertise with startup agility, and th…",https://www.adzuna.co.uk/jobs/land/ad/5247753496?se=Iq3xeohO8BG_Ctxhj4VHjg&utm_medium=api&utm_source=3586d0fb&v=5573CD0AE799BFB43ADEECBDDB845E454EA26841,['nlp']
Data Scientist,Understanding Recruitment,"The City, Central London"," Consumer AI | London | AI Engineer / Data Scientist A fast-moving insights & analytics startup is searching for an AI Engineer / Data Scientist to help build cutting-edge data science solutions powered by digital consumer signals. The team works with massive volumes of digital data, turning it into clear, actionable insights using NLP, LLMs, and advanced marketing data science, helping brands make smarter, faster decisions. This team blends deep technical expertise with startup agility, and th…",https://www.adzuna.co.uk/jobs/land/ad/5249038278?se=Iq3xeohO8BG_Ctxhj4VHjg&utm_medium=api&utm_source=3586d0fb&v=1FB9F0BBEF9490CD5684CB77FA654AB9E945684B,['nlp']
Data Scientist,Harnham,"The City, Central London","DATA SCIENTIST LONDON (HYBRID - 3 Days Per Week) UP to £60,000 COMPANY: This company is a global leader in Customer Data Science, who work across customer analytics and loyalty working as a consultancy services giving you’re the opportunity to work with market leading business & retailers! They are looking for a Data Scientist to join their Data Science team! RESPONSIBILITIES: Work on designing and building advanced ML models - including propensity and clustering Apply machine learning, statist…",https://www.adzuna.co.uk/jobs/land/ad/5249082523?se=Iq3xeohO8BG_Ctxhj4VHjg&utm_medium=api&utm_source=3586d0fb&v=57CEBAB43733F3C5E43A356CA2E3256C6BC63204,[]
Data Scientist,Harnham,"London, UK","DATA SCIENTIST LONDON (HYBRID - 3 Days Per Week) UP to £60,000 COMPANY: This company is a global leader in Customer Data Science, who work across customer analytics and loyalty working as a consultancy services giving you’re the opportunity to work with market leading business & retailers! They are looking for a Data Scientist to join their Data Science team! RESPONSIBILITIES: Work on designing and building advanced ML models - including propensity and clustering Apply machine learning, statist…",https://www.adzuna.co.uk/jobs/land/ad/5170678388?se=Iq3xeohO8BG_Ctxhj4VHjg&utm_medium=api&utm_source=3586d0fb&v=70D3D956CF704BE7CECD117022806D8AF1D87CA0,[]
Data Scientist,Harnham,"The City, Central London","DATA SCIENTIST/DATA SCIENCE ANALYST - Private Equity/Investment HYBRID - 4 Days a week in central London office Up to £70,000  benefits COMPANY: We are working with a market leading Private Equity/Investment firm to bring a new Data Scientist into their team. This will be the second hire into the team, so there is plenty of room to make an impact. This is a great opportunity for a Data Scientist with a couple of years of industry experience looking for a change! ROLE: Closely work with the team…",https://www.adzuna.co.uk/jobs/land/ad/5249399754?se=Iq3xeohO8BG_Ctxhj4VHjg&utm_medium=api&utm_source=3586d0fb&v=CE531D6A8E18FD2F321AABB167866D980959349B,[]
Data Scientist,Harnham,"London, UK","DATA SCIENTIST/DATA SCIENCE ANALYST - Private Equity/Investment HYBRID - 4 Days a week in central London office Up to £70,000  benefits COMPANY: We are working with a market leading Private Equity/Investment firm to bring a new Data Scientist into their team. This will be the second hire into the team, so there is plenty of room to make an impact. This is a great opportunity for a Data Scientist with a couple of years of industry experience looking for a change! ROLE: Closely work with the team…",https://www.adzuna.co.uk/jobs/land/ad/5170677355?se=Iq3xeohO8BG_Ctxhj4VHjg&utm_medium=api&utm_source=3586d0fb&v=3105F6C90C1414251C538B361F0FE789680A3D7E,[]
Data Scientist,Harnham,"The City, Central London","Data Scientist - Property London – Hybrid Up to £65,000 About the Role A leading London-based data and technology company in the property space is looking for a Data Scientist to join their growing product-focused team. This is an exciting opportunity to work as a full stack/ end to end Data Scientist, driving real business impact. You’ll collaborate closely with stakeholders to build and deploy ML models and data-driven tools that are core to the company’s commercial offerings. Key Responsibil…",https://www.adzuna.co.uk/jobs/land/ad/5248919126?se=Iq3xeohO8BG_Ctxhj4VHjg&utm_medium=api&utm_source=3586d0fb&v=65D0CB6A436FCD8123A024B0A5301F20CFAFED5C,[]
Data Scientist,Harnham,"London, UK","Data Scientist - Property London – Hybrid Up to £65,000 About the Role A leading London-based data and technology company in the property space is looking for a Data Scientist to join their growing product-focused team. This is an exciting opportunity to work as a full stack/ end to end Data Scientist, driving real business impact. You’ll collaborate closely with stakeholders to build and deploy ML models and data-driven tools that are core to the company’s commercial offerings. Key Responsibil…",https://www.adzuna.co.uk/jobs/land/ad/5175661363?se=Iq3xeohO8BG_Ctxhj4VHjg&utm_medium=api&utm_source=3586d0fb&v=6F621D4E3D585B900B2CFBED50DAC64D46CE676A,[]
Data Scientist,Harnham,"The City, Central London","Data Scientist Hybrid – London (3 days a week) Up to £75,000  Pension  Share Scheme About the Role We’re working with a professional services firm undergoing a major data transformation, now looking to bring on board their first in-house Data Scientist . Reporting directly into the CFO, you’ll take the lead on developing and managing the firm’s data infrastructure, starting with the continued build-out and integration of their data lake. You’ll work on high-impact reporting and analytics projec…",https://www.adzuna.co.uk/jobs/land/ad/5249081682?se=Iq3xeohO8BG_Ctxhj4VHjg&utm_medium=api&utm_source=3586d0fb&v=4C2F8EE36636C41EF44DFB59B945F37A5AD419D3,[]
Data Scientist,Harnham,"London, UK","Senior Data Scientist London – Hybrid Up to £70,000 About the Role I’m currently partnered with a global leader in data, insights, and consulting who are looking to bring on a Senior Data Scientist to join their highly respected data team. This is a high-impact opportunity focused on yield optimisation – using data science to drive better consistency, forecast accuracy, and operational efficiency. You’ll work closely with both commercial and technical stakeholders to develop data-driven strateg…",https://www.adzuna.co.uk/jobs/land/ad/5257391261?se=Iq3xeohO8BG_Ctxhj4VHjg&utm_medium=api&utm_source=3586d0fb&v=E0CBCACA7AD83E4CAB4C18910B53B88E75373278,[]
Data Scientist,Harnham,"The City, Central London","Senior Data Scientist London – Hybrid Up to £70,000 About the Role I’m currently partnered with a global leader in data, insights, and consulting who are looking to bring on a Senior Data Scientist to join their highly respected data team. This is a high-impact opportunity focused on yield optimisation – using data science to drive better consistency, forecast accuracy, and operational efficiency. You’ll work closely with both commercial and technical stakeholders to develop data-driven strateg…",https://www.adzuna.co.uk/jobs/land/ad/5257393473?se=Iq3xeohO8BG_Ctxhj4VHjg&utm_medium=api&utm_source=3586d0fb&v=E59B59178849FD2CD6A3F06ADD407C63651D0D04,[]
Data Scientist,Harnham,"London, UK","Data Scientist Hybrid – London (3 days a week) Up to £75,000  Pension  Share Scheme About the Role We’re working with a professional services firm undergoing a major data transformation, now looking to bring on board their first in-house Data Scientist . Reporting directly into the CFO, you’ll take the lead on developing and managing the firm’s data infrastructure, starting with the continued build-out and integration of their data lake. You’ll work on high-impact reporting and analytics projec…",https://www.adzuna.co.uk/jobs/land/ad/5234162928?se=Iq3xeohO8BG_Ctxhj4VHjg&utm_medium=api&utm_source=3586d0fb&v=4712EB02182C300459F7FE2102AE9956ACA53B47,[]
Data Scientist,Understanding Recruitment,"The City, Central London"," Net Zero | London | Data Science We're looking for a Data Scientist to join a fast-growing Energy Tech startup building the critical infrastructure to accelerate net-zero goals. Backed by top VCs and angel investors (previously invested in Meta, BeReal, Slack, and more!), this team is developing cutting-edge solutions to optimize energy usage - predicting and balancing demand in real time to shift consumption to greener, cheaper power Location: London (Hybrid, 2/3 days in-office)  Why join? Wo…",https://www.adzuna.co.uk/jobs/land/ad/5254333544?se=Iq3xeohO8BG_Ctxhj4VHjg&utm_medium=api&utm_source=3586d0fb&v=57E63D7A3FFB9206FE54851B6ACC242D28B93F72,[]
Data Scientist,Understanding Recruitment,"London, UK"," Net Zero | London | Data Science We're looking for a Data Scientist to join a fast-growing Energy Tech startup building the critical infrastructure to accelerate net-zero goals. Backed by top VCs and angel investors (previously invested in Meta, BeReal, Slack, and more!), this team is developing cutting-edge solutions to optimize energy usage - predicting and balancing demand in real time to shift consumption to greener, cheaper power Location: London (Hybrid, 2/3 days in-office)  Why join? Wo…",https://www.adzuna.co.uk/jobs/land/ad/5254332356?se=Iq3xeohO8BG_Ctxhj4VHjg&utm_medium=api&utm_source=3586d0fb&v=7566600C1507E0520F6C1AE21FADE1605D21997C,[]
Data Scientist,Harnham,"The City, Central London","Data Scientist - Marketing/Customer Analytics London/Reading– Hybrid (2 days in London, 1 day in Reading) (Flexi Hours) Up to £60,000  Benefits About the Role A leading research and insights company is looking for a Data Scientist to join their growing team. With a strong focus on data-driven decision-making, they help brands across entertainment, tech, sports, and consumer goods maximise their marketing impact. You’ll be part of a collaborative Data Science team, working on large-scale dataset…",https://www.adzuna.co.uk/jobs/land/ad/5248917366?se=Iq3xeohO8BG_Ctxhj4VHjg&utm_medium=api&utm_source=3586d0fb&v=6906DC69D15D7CD4E23B4D29AF531AF726700F46,[]
Data Scientist,Harnham,"London, UK","Data Scientist - Marketing/Customer Analytics London/Reading– Hybrid (2 days in London, 1 day in Reading) (Flexi Hours) Up to £60,000  Benefits About the Role A leading research and insights company is looking for a Data Scientist to join their growing team. With a strong focus on data-driven decision-making, they help brands across entertainment, tech, sports, and consumer goods maximise their marketing impact. You’ll be part of a collaborative Data Science team, working on large-scale dataset…",https://www.adzuna.co.uk/jobs/land/ad/5170687521?se=Iq3xeohO8BG_Ctxhj4VHjg&utm_medium=api&utm_source=3586d0fb&v=7D7DCC0CEF1F0BD74AD10798BB22FA274EDDC48C,[]
Data Scientist,Intellect Group,"The City, Central London","Are you a curious and driven early-career professional eager to shape the future through Artificial Intelligence and Data Science? We’re looking for a Junior AI & Data Scientist to join our forward-thinking London-based team and contribute to transformative AI initiatives from day one! In this role, you’ll collaborate with machine learning engineers, product teams, and domain experts to design and deploy AI models that solve real-world problems. From natural language processing to computer visi…",https://www.adzuna.co.uk/jobs/land/ad/5248918882?se=Iq3xeohO8BG_Ctxhj4VHjg&utm_medium=api&utm_source=3586d0fb&v=BA92E5E9DFF851D49F1FE56804D7998E00CB3375,[]
Data Scientist,Intellect Group,"London, UK","Are you a curious and driven early-career professional eager to shape the future through Artificial Intelligence and Data Science? We’re looking for a Junior AI & Data Scientist to join our forward-thinking London-based team and contribute to transformative AI initiatives from day one! In this role, you’ll collaborate with machine learning engineers, product teams, and domain experts to design and deploy AI models that solve real-world problems. From natural language processing to computer visi…",https://www.adzuna.co.uk/jobs/land/ad/5170678620?se=Iq3xeohO8BG_Ctxhj4VHjg&utm_medium=api&utm_source=3586d0fb&v=9B8D13BAA4BC8C889CA8041EB30E7D6BC250E7C9,[]
Data Scientist,Harnham,"The City, Central London","Data Scientist London (Hybrid Working) £65,000 - £75,000 An established professional services business with ambitions for growth is looking to hire a hands-on, commercially minded data professional. This newly created role will sit at the intersection of data engineering and data science, supporting both operational reporting and long-term strategic insight projects. With a lean but evolving technology function, the business is investing in its data capabilities and seeking someone who can work…",https://www.adzuna.co.uk/jobs/land/ad/5249081483?se=Iq3xeohO8BG_Ctxhj4VHjg&utm_medium=api&utm_source=3586d0fb&v=376C283F80C3CA4675F957F8DECC2F8FEEA1246F,[]
Data Scientist,Harnham,"London, UK","Data Scientist London (Hybrid Working) £65,000 - £75,000 An established professional services business with ambitions for growth is looking to hire a hands-on, commercially minded data professional. This newly created role will sit at the intersection of data engineering and data science, supporting both operational reporting and long-term strategic insight projects. With a lean but evolving technology function, the business is investing in its data capabilities and seeking someone who can work…",https://www.adzuna.co.uk/jobs/land/ad/5224356993?se=Iq3xeohO8BG_Ctxhj4VHjg&utm_medium=api&utm_source=3586d0fb&v=CDD231C5CDAA56CADC1AF23CD394BD61018E0E32,[]
Data Scientist,Quest Search and Selection,"The City, Central London","Data Scientist – Category Management (with ML/AI Focus) About the Role: Quest Search & Selection is working with a leading tech-driven eCommerce platform specializing in consumer goods and rapid delivery. Offering a wide product assortment; including groceries, household essentials, over-the-counter medicine, office supplies, and fresh food. The business leverages data and innovation at scale to drive customer satisfaction and operational excellence. We are seeking a Data Scientist – Category M…",https://www.adzuna.co.uk/jobs/land/ad/5259165344?se=Iq3xeohO8BG_Ctxhj4VHjg&utm_medium=api&utm_source=3586d0fb&v=F8870AE54402D2F336493F244A03E765D3FEFB61,[]
Data Scientist,Quest Search and Selection,"London, UK","Data Scientist – Category Management (with ML/AI Focus) About the Role: Quest Search & Selection is working with a leading tech-driven eCommerce platform specializing in consumer goods and rapid delivery. Offering a wide product assortment; including groceries, household essentials, over-the-counter medicine, office supplies, and fresh food. The business leverages data and innovation at scale to drive customer satisfaction and operational excellence. We are seeking a Data Scientist – Category M…",https://www.adzuna.co.uk/jobs/land/ad/5259166051?se=Iq3xeohO8BG_Ctxhj4VHjg&utm_medium=api&utm_source=3586d0fb&v=E0E3AD6EDA9D68B81F95BA5B754DB1711A7C76E9,[]
Data Scientist,AVA Energy,"The City, Central London","AVA are working with an leading international renewable energy developer and operator in their search for a Data Scientist who will sit in their BESS Division. Responsibilities To leverage advanced analytics, machine learning, and data visualization techniques by driving data-driven strategies to optimize operations, forecast performance, and support strategic decision-making Close interface with Commercial Team supporting overall development of a data platform for the projects For the monitori…",https://www.adzuna.co.uk/jobs/land/ad/5249080470?se=Iq3xeohO8BG_Ctxhj4VHjg&utm_medium=api&utm_source=3586d0fb&v=A982541236B8DDB1DEC95DDF1FD8DF2F950B3EDD,['data visualization']
Data Scientist,AVA Energy,"London, UK","AVA are working with an leading international renewable energy developer and operator in their search for a Data Scientist who will sit in their BESS Division. Responsibilities To leverage advanced analytics, machine learning, and data visualization techniques by driving data-driven strategies to optimize operations, forecast performance, and support strategic decision-making Close interface with Commercial Team supporting overall development of a data platform for the projects For the monitori…",https://www.adzuna.co.uk/jobs/land/ad/5232159569?se=Iq3xeohO8BG_Ctxhj4VHjg&utm_medium=api&utm_source=3586d0fb&v=F4E0C001E5E52FEA4CCED03F7B45D465C853C989,['data visualization']
Data Scientist,Digitas UK,"The City, Central London","DATA SCIENTIST Start - ASAP Duration - 2 to 3 months HYBRID - 2 days onsite / 3 days remote Location - Chancery Lane, London Daily rate - TBC THE ROLE We are seeking an exceptional Data Scientist with expertise in causal inference, experimental design, and conformal prediction to join our innovative analytics data science team. In this role, you'll leverage advanced statistical methods to extract meaningful insights from complex data, design robust experiments, and develop predictive models wit…",https://www.adzuna.co.uk/jobs/land/ad/5248917462?se=Iq3xeohO8BG_Ctxhj4VHjg&utm_medium=api&utm_source=3586d0fb&v=1B09492E7A93F2A353D68537CB851FC876B34E55,[]
Data Scientist,Digitas UK,"London, UK","DATA SCIENTIST Start - ASAP Duration - 2 to 3 months HYBRID - 2 days onsite / 3 days remote Location - Chancery Lane, London Daily rate - TBC THE ROLE We are seeking an exceptional Data Scientist with expertise in causal inference, experimental design, and conformal prediction to join our innovative analytics data science team. In this role, you'll leverage advanced statistical methods to extract meaningful insights from complex data, design robust experiments, and develop predictive models wit…",https://www.adzuna.co.uk/jobs/land/ad/5234162545?se=Iq3xeohO8BG_Ctxhj4VHjg&utm_medium=api&utm_source=3586d0fb&v=C48F3BC2292BEB93EA78572D954852F494868B15,[]
Data Scientist,Insurwave Limited,"The City, Central London","At Insurwave, we are looking for remarkable people who thrive on making an exceptional contribution. We now have an exciting opportunity for a Data Scientist to play a key role in our Data and AI team. If making a difference gets you out of bed in the morning, then this could be the perfect opportunity and the start of something incredible! What will you be doing? As a Mid-Level Data Scientist, you will play a critical role within a multidisciplinary team of data scientists, analysts, and domai…",https://www.adzuna.co.uk/jobs/land/ad/5249036466?se=Iq3xeohO8BG_Ctxhj4VHjg&utm_medium=api&utm_source=3586d0fb&v=7EF744097D2216AAC672B2E830BABBAEAE910859,[]
Data Scientist,Insurwave Limited,"London, UK","At Insurwave, we are looking for remarkable people who thrive on making an exceptional contribution. We now have an exciting opportunity for a Data Scientist to play a key role in our Data and AI team. If making a difference gets you out of bed in the morning, then this could be the perfect opportunity and the start of something incredible! What will you be doing? As a Mid-Level Data Scientist, you will play a critical role within a multidisciplinary team of data scientists, analysts, and domai…",https://www.adzuna.co.uk/jobs/land/ad/5234158748?se=Iq3xeohO8BG_Ctxhj4VHjg&utm_medium=api&utm_source=3586d0fb&v=67C6BBA3F1CC1D81A35223A86D2563E91010AF4B,[]
Data Scientist,Stanton House,"The City, Central London"," We’re Hiring: Data Scientist | Leading Music Investment Company | London (Hybrid) Are you a data expert who loves solving real-world problems with predictive models and analytics? Join a leading music rights investment and management company where your models will drive strategic decisions across a catalogue of over 45,000 songs and recordings.  Location: London (3 days per week in-office)  About the Role We’re on the hunt for a talented Data Scientist with strong statistical foundations, top-…",https://www.adzuna.co.uk/jobs/land/ad/5249083091?se=Iq3xeohO8BG_Ctxhj4VHjg&utm_medium=api&utm_source=3586d0fb&v=1A18F3BE6FFB69812B6C60B0AC46BCB1C19FB54E,[]
Data Scientist,Stanton House,"London, UK"," We’re Hiring: Data Scientist | Leading Music Investment Company | London (Hybrid) Are you a data expert who loves solving real-world problems with predictive models and analytics? Join a leading music rights investment and management company where your models will drive strategic decisions across a catalogue of over 45,000 songs and recordings.  Location: London (3 days per week in-office)  About the Role We’re on the hunt for a talented Data Scientist with strong statistical foundations, top-…",https://www.adzuna.co.uk/jobs/land/ad/5232131269?se=Iq3xeohO8BG_Ctxhj4VHjg&utm_medium=api&utm_source=3586d0fb&v=A7454F381B81F74406CE9E0169254E212BA7F445,[]
Data Scientist,Intellect Group,"London, UK","Are you passionate about data and consumer behaviour? Join a fast-growing retail innovation company in the heart of London. We're looking for a Junior Data Scientist eager to apply their analytical and modelling skills to support data-driven decisions that improve performance, enhance customer engagement, and increase profitability across the retail value chain.  Your Responsibilities: Analyse consumer and sales data: Work with large, complex datasets to uncover insights on shopper behaviour, p…",https://www.adzuna.co.uk/jobs/land/ad/5255907336?se=Iq3xeohO8BG_Ctxhj4VHjg&utm_medium=api&utm_source=3586d0fb&v=3C924A9B30EB03FFD36E89A0C163B6BEF513BA7B,[]
Data Scientist,Ultralytics,"London, UK"," Who We Are At Ultralytics , we relentlessly drive innovation in AI, building the world's leading YOLO models . We're looking for passionate individuals obsessed with AI, eager to make a global impact, and ready to excel in a dynamic, high-energy environment. Join our team and help shape the future of AI.  Location and Legalities This full-time Data Scientist position is based onsite in our brand-new Ultralytics office in London, UK. Applicants must have legal authorization to work in the UK, a…",https://www.adzuna.co.uk/jobs/land/ad/5238162753?se=Iq3xeohO8BG_Ctxhj4VHjg&utm_medium=api&utm_source=3586d0fb&v=001D2D87528E32D0BA18A8604B6DEBDA44530BAF,['excel']
Data Scientist,Ultralytics,"The City, Central London"," Who We Are At Ultralytics , we relentlessly drive innovation in AI, building the world's leading YOLO models . We're looking for passionate individuals obsessed with AI, eager to make a global impact, and ready to excel in a dynamic, high-energy environment. Join our team and help shape the future of AI.  Location and Legalities This full-time Data Scientist position is based onsite in our brand-new Ultralytics office in London, UK. Applicants must have legal authorization to work in the UK, a…",https://www.adzuna.co.uk/jobs/land/ad/5248999656?se=Iq3xeohO8BG_Ctxhj4VHjg&utm_medium=api&utm_source=3586d0fb&v=97195A13A525CBA15B03C3CD0679022C27A1057B,['excel']
Data Scientist Environmental Insights,ADLIB Recruitment,"South East London, London","Turn biodiversity data into insight at a pioneering nature tech start-up Use Python & GCP to analyse real-world environmental sensor data. Create impactful dashboards for sustainability and agriculture clients. Join a fast-growing, purpose-driven team with real-world impact. Were working with a pioneering nature tech start-up thats using acoustic sensor technology and cloud data to support sustainability in agriculture, food production, and land management. Their innovation helps monitor pollin…",https://www.adzuna.co.uk/jobs/land/ad/5201803878?se=Iq3xeohO8BG_Ctxhj4VHjg&utm_medium=api&utm_source=3586d0fb&v=99BA5F7C642C85A8B6B53E64438418ED7C14B389,"['gcp', 'python']"
Data Scientist,Cornwallis Elt,"London, UK","Data Scientist – Lloyds, Actuarial, Claims, Pricing, Python, Azure, Automation, Data Analysis, SQL, Actuarial, London Markets, London – Paying up to £75,000 Base  Bonus My client, a leading London Market syndicate, is seeking a Data Scientist to join their organisation on a permanent basis. This role will be based in their London office, with a hybrid working model (3 days per week in the office). You will join the Data Science and Analytics Team, working closely with the Data Science Manager t…",https://www.adzuna.co.uk/jobs/land/ad/5260917212?se=Iq3xeohO8BG_Ctxhj4VHjg&utm_medium=api&utm_source=3586d0fb&v=D9F311BB5822542E8A815BA76D15329F4A2C80AE,"['sql', 'azure', 'python']"
Data Scientist,Cornwallis Elt,"The City, Central London","Data Scientist – Lloyds, Actuarial, Claims, Pricing, Python, Azure, Automation, Data Analysis, SQL, Actuarial, London Markets, London – Paying up to £75,000 Base  Bonus My client, a leading London Market syndicate, is seeking a Data Scientist to join their organisation on a permanent basis. This role will be based in their London office, with a hybrid working model (3 days per week in the office). You will join the Data Science and Analytics Team, working closely with the Data Science Manager t…",https://www.adzuna.co.uk/jobs/land/ad/5260917553?se=Iq3xeohO8BG_Ctxhj4VHjg&utm_medium=api&utm_source=3586d0fb&v=1057015B2396F4BF9B0B8BDCE70E2F2B55F6419D,"['sql', 'azure', 'python']"
Data Scientist,i3,"The City, Central London","Data Scientist London Insurance Market City, London (3-4 days per week onsite) Permanent Circa £75,000 per annum  benefits  15% bonus A fantastic opportunity has arisen for a Data Scientist , ideally with previous Insurance experience, to join a well respected London Market Insurer and play an important position in delivering requirements for the Digital Trading Division , focussing on the delivery of Digital Follow data science use cases. Under the guidance of the Data Science Manager, you wil…",https://www.adzuna.co.uk/jobs/land/ad/5257388905?se=Iq3xeohO8BG_Ctxhj4VHjg&utm_medium=api&utm_source=3586d0fb&v=2C86A0907B0DB7FD3ADD1B8F51BAC6D915CEF414,[]
Data Scientist,Bentley Whitaker Search and Selection,"The City, Central London","Data Scientist / Machine Learning Engineer / AI Engineer - Java, Python, scikit-learn, TensorFlow, PyTorch AWS, Machine Learning, Artificial intelligence (Hybrid - 3 days in the office -mon, weds, Friday) Data Scientist / Machine Learning Engineer:- You will be joining a fast-growing, research-driven company building an artificial intelligence using novel machine learning techniques. My client is revolutionising their industry with a track record of building things that others have ruled out as…",https://www.adzuna.co.uk/jobs/land/ad/5249035331?se=Iq3xeohO8BG_Ctxhj4VHjg&utm_medium=api&utm_source=3586d0fb&v=DD756C2009B29C07ACAE0E7008B376DC1328B939,"['tensorflow', 'aws', 'python', 'scikit-learn', 'java']"
Data Scientist,Bentley Whitaker Search and Selection,"London, UK","Data Scientist / Machine Learning Engineer / AI Engineer - Java, Python, scikit-learn, TensorFlow, PyTorch AWS, Machine Learning, Artificial intelligence (Hybrid - 3 days in the office -mon, weds, Friday) Data Scientist / Machine Learning Engineer:- You will be joining a fast-growing, research-driven company building an artificial intelligence using novel machine learning techniques. My client is revolutionising their industry with a track record of building things that others have ruled out as…",https://www.adzuna.co.uk/jobs/land/ad/5225765068?se=LOXle4hO8BGYr7XIH1J3bQ&utm_medium=api&utm_source=3586d0fb&v=3EFFBAC953FFE907E525E0DC786C9A83AD0B43C2,"['tensorflow', 'aws', 'python', 'scikit-learn', 'java']"
Data Scientist,Immersum,"The City, Central London","Job Title: Data Scientist Salary: £65,000-£75,000  Benefits Location: West London - Hybrid (3 days p/w in-office) Tech: AWS, Snowflake, Airflow, DBT The Company: Immersum are supporting the growth leading PropTech company on a mission to revolutionise how the property sector understands people, places, and data. By combining cutting-edge data science with powerful location intelligence, they help major organisations make smarter, faster decisions. Backed by top-tier investors and growing fast, …",https://www.adzuna.co.uk/jobs/land/ad/5254322364?se=LOXle4hO8BGYr7XIH1J3bQ&utm_medium=api&utm_source=3586d0fb&v=08D2D05DF47EE2E234F24668B5F32BD609335D3A,"['airflow', 'aws']"
Data Scientist,Immersum,"London, UK","Job Title: Data Scientist Salary: £65,000-£75,000  Benefits Location: West London - Hybrid (3 days p/w in-office) Tech: AWS, Snowflake, Airflow, DBT The Company: Immersum are supporting the growth leading PropTech company on a mission to revolutionise how the property sector understands people, places, and data. By combining cutting-edge data science with powerful location intelligence, they help major organisations make smarter, faster decisions. Backed by top-tier investors and growing fast, …",https://www.adzuna.co.uk/jobs/land/ad/5254321953?se=LOXle4hO8BGYr7XIH1J3bQ&utm_medium=api&utm_source=3586d0fb&v=E73D21A929E7CC7169320E08F236BEBAAA911460,"['airflow', 'aws']"
Data Scientist,Stott and May,"London, UK","Job Title: Data Scientist Location: London (Hybrid/Flexible) Type: Permanent, Full-Time Overview We're looking for a proactive Data Scientist to join a high-impact team driving innovation in digital insurance underwriting. This role will support the expansion of data-led initiatives, with a focus on improving profitability and automation across digital insurance products. You'll collaborate with underwriters, actuaries, analysts, and engineers to turn complex data into actionable insight, build…",https://www.adzuna.co.uk/jobs/land/ad/5257392192?se=LOXle4hO8BGYr7XIH1J3bQ&utm_medium=api&utm_source=3586d0fb&v=957CA1749C4E889C11FF17C4387729A358E87E60,[]
Data Scientist,Stott and May,"The City, Central London","Job Title: Data Scientist Location: London (Hybrid/Flexible) Type: Permanent, Full-Time Overview We're looking for a proactive Data Scientist to join a high-impact team driving innovation in digital insurance underwriting. This role will support the expansion of data-led initiatives, with a focus on improving profitability and automation across digital insurance products. You'll collaborate with underwriters, actuaries, analysts, and engineers to turn complex data into actionable insight, build…",https://www.adzuna.co.uk/jobs/land/ad/5257393008?se=LOXle4hO8BGYr7XIH1J3bQ&utm_medium=api&utm_source=3586d0fb&v=245FA76E677013D8D07856B81201745FB297E2B7,[]
Data Scientist,W Talent,"The City, Central London","About the Role We are seeking a highly skilled and commercially minded Data Scientist to spearhead the development of analytical solutions for data driven marketing, leveraging supervised and unsupervised learning techniques to optimise the marketing chain (targeting, bid optimisation, messaging, media preference, text-to-speech). Key Requirements Previous experience as a data scientist in an advertising / marketing agency Experience with big data platforms (AWS, Aurora, ElasticSearch) Experien…",https://www.adzuna.co.uk/jobs/land/ad/5254329044?se=LOXle4hO8BGYr7XIH1J3bQ&utm_medium=api&utm_source=3586d0fb&v=8C38C9DB2D9ADF0F455BFEDE551436C4AF5924C3,['aws']
Data Scientist,W Talent,"London, UK","About the Role We are seeking a highly skilled and commercially minded Data Scientist to spearhead the development of analytical solutions for data driven marketing, leveraging supervised and unsupervised learning techniques to optimise the marketing chain (targeting, bid optimisation, messaging, media preference, text-to-speech). Key Requirements Previous experience as a data scientist in an advertising / marketing agency Experience with big data platforms (AWS, Aurora, ElasticSearch) Experien…",https://www.adzuna.co.uk/jobs/land/ad/5254330023?se=LOXle4hO8BGYr7XIH1J3bQ&utm_medium=api&utm_source=3586d0fb&v=6F919F2FCDAE5D465AE1B381F14B0B50FC7A9047,['aws']
Data Scientist,Singular Recruitment,"London, UK","Data Scientist (one day a week in the central London office) Sports Analytics This role is a unique opportunity for a Data Scientist to combine technical challenges with creativity in a collaborative, high-standard work environment. By joining this team, you’ll not only be part of a creative and open work culture focused on innovation and excellence but also have the chance to work with and collaborate with some of the most well-known footballers in the industry. This position offers significan…",https://www.adzuna.co.uk/jobs/land/ad/5255913675?se=LOXle4hO8BGYr7XIH1J3bQ&utm_medium=api&utm_source=3586d0fb&v=57E951C4F0758514594E9649B7BA0ABE027143D1,[]
Data Scientist,Singular Recruitment,"The City, Central London","Data Scientist (one day a week in the central London office) Sports Analytics This role is a unique opportunity for a Data Scientist to combine technical challenges with creativity in a collaborative, high-standard work environment. By joining this team, you’ll not only be part of a creative and open work culture focused on innovation and excellence but also have the chance to work with and collaborate with some of the most well-known footballers in the industry. This position offers significan…",https://www.adzuna.co.uk/jobs/land/ad/5255915298?se=LOXle4hO8BGYr7XIH1J3bQ&utm_medium=api&utm_source=3586d0fb&v=6BEA7A80C5E69CA52364086D2B2EDEECC417ED5D,[]
Data Scientist,Gravitas Recruitment Group  Ltd,"The City, Central London","Data Scientist – Digital Underwriting | London Market Insurance Location: London (Hybrid – Minimum 50% Office-Based) Salary: £55,000 to £75,000  15–30% Bonus  Excellent Benefits Job Type: Full-time, Permanent Gravitas Group is delighted to be recruiting on behalf of a leading Lloyd’s market insurer for a Data Scientist to join their high-growth Digital Trading division . As part of a strategic function within the business, this role offers a rare opportunity to directly influence underwriting p…",https://www.adzuna.co.uk/jobs/land/ad/5257394769?se=LOXle4hO8BGYr7XIH1J3bQ&utm_medium=api&utm_source=3586d0fb&v=F633E406DEF12B9C43CD0734785B8822372745DB,[]
Data Scientist,Understanding Recruitment,"The City, Central London","Data Scientist - GreenTech Start Up - London A fast-growing startup revolutionising the energy sector are looking for talented Data Scientists to join their team. What Will You Be Doing: You'll be at the forefront of data science innovations in the energy sector, working on projects that directly impact climate change through: Developing and deploying machine learning models for energy optimisation Analysing complex time-series data to drive insights and decision-making Working directly with cl…",https://www.adzuna.co.uk/jobs/land/ad/5260906910?se=LOXle4hO8BGYr7XIH1J3bQ&utm_medium=api&utm_source=3586d0fb&v=4D6D7DD877CFB9BB547BAB233C29B98BD5D05AE9,[]
Data Scientist,Understanding Recruitment,"London, UK","Data Scientist - GreenTech Start Up - London A fast-growing startup revolutionising the energy sector are looking for talented Data Scientists to join their team. What Will You Be Doing: You'll be at the forefront of data science innovations in the energy sector, working on projects that directly impact climate change through: Developing and deploying machine learning models for energy optimisation Analysing complex time-series data to drive insights and decision-making Working directly with cl…",https://www.adzuna.co.uk/jobs/land/ad/5260952432?se=LOXle4hO8BGYr7XIH1J3bQ&utm_medium=api&utm_source=3586d0fb&v=C135DFC0DE03CD513F385271093FE13DCB81B0B6,[]
Data Scientist,Intellect Group,"The City, Central London","Data Scientist – Technical Risk Pricing (Insurance) £55,000–£80,000  Benefits | Hybrid (2 days in London office max) Location: London (near Liverpool Street) Sector: Insurtech | Risk Pricing & Claims Modelling Join a well-backed, growing insurtech on a mission to reimagine how insurance pricing is done. This business is building out a cutting-edge risk modelling function—and they’re hiring their first Data Scientist in pricing to help lead the charge. You’ll work directly with the Pricing & Dat…",https://www.adzuna.co.uk/jobs/land/ad/5249076957?se=LOXle4hO8BGYr7XIH1J3bQ&utm_medium=api&utm_source=3586d0fb&v=E3913BD57850A51BCC4F9EDA43878CCCF762B3CC,[]
Data Scientist,Intellect Group,"London, UK","Data Scientist – Technical Risk Pricing (Insurance) £55,000–£80,000  Benefits | Hybrid (2 days in London office max) Location: London (near Liverpool Street) Sector: Insurtech | Risk Pricing & Claims Modelling Join a well-backed, growing insurtech on a mission to reimagine how insurance pricing is done. This business is building out a cutting-edge risk modelling function—and they’re hiring their first Data Scientist in pricing to help lead the charge. You’ll work directly with the Pricing & Dat…",https://www.adzuna.co.uk/jobs/land/ad/5234148924?se=LOXle4hO8BGYr7XIH1J3bQ&utm_medium=api&utm_source=3586d0fb&v=C4AD42E04C2BBFBE6603C92AC9F338E3976CFC1A,[]
Data Scientist,Greybridge Search & Selection,"London, UK","Applied Data Scientist (NLP) 9 Months Initial - Outside IR35 - Fully Remote - £350-400pd DOE. We are partnering with a global tech business who are looking for a talented Data Scientist with strong experience in GenAI / NLP to join them on a contract basis As an Data Scientist you will be working on NLP applications for risk, fraud, and investigation products. Your job will be to: Experiment with different state-of-the-art as well as traditional NLP approaches to find the best solution for the …",https://www.adzuna.co.uk/jobs/land/ad/5234162379?se=LOXle4hO8BGYr7XIH1J3bQ&utm_medium=api&utm_source=3586d0fb&v=7D49F1A7222146A00C67957A17FD510E7DC5000C,['nlp']
Data Scientist,Greybridge Search & Selection,"The City, Central London","Applied Data Scientist (NLP) 9 Months Initial - Outside IR35 - Fully Remote - £350-400pd DOE. We are partnering with a global tech business who are looking for a talented Data Scientist with strong experience in GenAI / NLP to join them on a contract basis As an Data Scientist you will be working on NLP applications for risk, fraud, and investigation products. Your job will be to: Experiment with different state-of-the-art as well as traditional NLP approaches to find the best solution for the …",https://www.adzuna.co.uk/jobs/land/ad/5249077051?se=LOXle4hO8BGYr7XIH1J3bQ&utm_medium=api&utm_source=3586d0fb&v=AFD30F3EEA84B14A8C9A961564B2777103EF0BEE,['nlp']
Data Scientist,Premier Group,"London, UK","Data Scientist Salary: £50,000 - £60,000 Location: Central London Hybrid working, in the office two days a week About the Role Our client is a medium sized telco business looking to hire a Data Scientist who is skilled in Power BI and Microsoft tech stack. They are based in Central London and the position is hybrid working, which will be in the office 2 days per week. Skills Required Excellent communication skills Ability to work Autonomous Good understanding of Business Intelligence Power BI M…",https://www.adzuna.co.uk/jobs/land/ad/5239882829?se=LOXle4hO8BGYr7XIH1J3bQ&utm_medium=api&utm_source=3586d0fb&v=DFE7423797461015FC9009A120B688943FA95DBD,['power bi']
Data Scientist,Premier Group,"The City, Central London","Data Scientist Salary: £50,000 - £60,000 Location: Central London Hybrid working, in the office two days a week About the Role Our client is a medium sized telco business looking to hire a Data Scientist who is skilled in Power BI and Microsoft tech stack. They are based in Central London and the position is hybrid working, which will be in the office 2 days per week. Skills Required Excellent communication skills Ability to work Autonomous Good understanding of Business Intelligence Power BI M…",https://www.adzuna.co.uk/jobs/land/ad/5248999245?se=LOXle4hO8BGYr7XIH1J3bQ&utm_medium=api&utm_source=3586d0fb&v=E817A5216086E7D7BB9106F730D0C8DDA5D7DBD9,['power bi']
Data Scientist,Oliver Bernard,"The City, Central London","Data Scientist Up to £110k per year. 4 days/week in-office, Camden. Employment Type: Full-time We’re looking for a Data Scientist to join a growing team in Camden working on AI-first products in a collaborative, high-performance environment. What you’ll do: Design, build, and deploy data-driven models, with a focus on machine learning and AI systems Work closely with engineers and product teams to integrate insights into customer-facing features Extract insights from large datasets using Python…",https://www.adzuna.co.uk/jobs/land/ad/5249000352?se=LOXle4hO8BGYr7XIH1J3bQ&utm_medium=api&utm_source=3586d0fb&v=A926AD0138EEED2C659571B3FAAEF63366D08D76,['python']
Data Scientist,Oliver Bernard,"London, UK","Data Scientist Up to £110k per year. 4 days/week in-office, Camden. Employment Type: Full-time We’re looking for a Data Scientist to join a growing team in Camden working on AI-first products in a collaborative, high-performance environment. What you’ll do: Design, build, and deploy data-driven models, with a focus on machine learning and AI systems Work closely with engineers and product teams to integrate insights into customer-facing features Extract insights from large datasets using Python…",https://www.adzuna.co.uk/jobs/land/ad/5238168121?se=LOXle4hO8BGYr7XIH1J3bQ&utm_medium=api&utm_source=3586d0fb&v=49E9F61CA3CD4E36BC70144FAF6F9B213B94BD9A,['python']
Data Scientist,Revoco,"The City, Central London","Hiring: Data Scientist | London | Hybrid | Insurance Domain We're looking for a talented Data Scientist to join our client in London on a hybrid working basis. If you're a technical expert in statistical modelling and machine learning, passionate about turning complex data into actionable insights, this could be the perfect opportunity for you.  Domain: Insurance  Salary: £78,000  Start Date: Mid-July  Contract Option: We’re also open to day rate contractors (Inside IR35) What you'll be doing: …",https://www.adzuna.co.uk/jobs/land/ad/5260925392?se=LOXle4hO8BGYr7XIH1J3bQ&utm_medium=api&utm_source=3586d0fb&v=2BB5C947A183EF4F55546512D4ED97350111CD3F,[]
Data Scientist,Revoco,"London, UK","Hiring: Data Scientist | London | Hybrid | Insurance Domain We're looking for a talented Data Scientist to join our client in London on a hybrid working basis. If you're a technical expert in statistical modelling and machine learning, passionate about turning complex data into actionable insights, this could be the perfect opportunity for you.  Domain: Insurance  Salary: £78,000  Start Date: Mid-July  Contract Option: We’re also open to day rate contractors (Inside IR35) What you'll be doing: …",https://www.adzuna.co.uk/jobs/land/ad/5260918935?se=LOXle4hO8BGYr7XIH1J3bQ&utm_medium=api&utm_source=3586d0fb&v=E07D00115001BBB991DD77C838BDA97A4FD18301,[]
Data Scientist,Glass.AI,"London, UK","Join Our Mission to Read the Web and Research Companies With AI Are you a curious and ambitious Computer Science graduate or a person with 1-2 years of work experience looking to launch your career in AI and data science? Join our growing team of world-class data scientists and AI engineers, and help us build technology that understands written language at scale. We’re a UK-based company using cutting-edge AI to analyze the open web and surface valuable business insights on companies around the…",https://www.adzuna.co.uk/jobs/land/ad/5185221233?se=LOXle4hO8BGYr7XIH1J3bQ&utm_medium=api&utm_source=3586d0fb&v=5A5CC5F03A2B5D387D01E0305B7B9756E3FCD4FF,[]
Data Scientist,BrandDelta,"London, UK","Location London / Hybrid (with weekly face-to-face team meetings) Company Description BrandDelta empowers companies around the world to transform the way their Brands can learn and win. Our Brand Intelligence platform is built to enable our clients to understand how consumers perceive their brands faster, deeper and in a more actionable manner with measurable links. We are helping our clients to transition from slow-moving, expensive and unactionable survey-based solutions into the 21 st centur…",https://www.adzuna.co.uk/jobs/land/ad/5254323109?se=LOXle4hO8BGYr7XIH1J3bQ&utm_medium=api&utm_source=3586d0fb&v=409584027FE6A572FA7A4FB07111BFFB6C851DEB,[]
Data Scientist,BrandDelta,"The City, Central London","Location London / Hybrid (with weekly face-to-face team meetings) Company Description BrandDelta empowers companies around the world to transform the way their Brands can learn and win. Our Brand Intelligence platform is built to enable our clients to understand how consumers perceive their brands faster, deeper and in a more actionable manner with measurable links. We are helping our clients to transition from slow-moving, expensive and unactionable survey-based solutions into the 21 st centur…",https://www.adzuna.co.uk/jobs/land/ad/5254333228?se=LOXle4hO8BGYr7XIH1J3bQ&utm_medium=api&utm_source=3586d0fb&v=18EED01E5146A2750C1FD57FF43A7B7DC2447490,[]
Data Scientist,Arrows,"The City, Central London"," Urgent contract - outside IR35   Staff Data Scientist ⌨️ Python, GCP, Spark, PyTorch  London 1 day per week ️ Initial 3 months, likely to extend to 4/5 months ⏰ Starting on Monday 16th June This role is paying £500-£600 per day, outside IR35 Consultative project, coming in to audit & assess the newly built platform. Utilise data to understand potential ROI. Customer centric B2C. Incredibly large data lake with 20m unique users. This is super clean, slick & well written. Very important for this…",https://www.adzuna.co.uk/jobs/land/ad/5249080188?se=LOXle4hO8BGYr7XIH1J3bQ&utm_medium=api&utm_source=3586d0fb&v=62666F96347D9B28E56048213B58607C06AFFD9B,"['spark', 'gcp', 'python']"
Data Scientist,Arrows,"London, UK"," Urgent contract - outside IR35   Staff Data Scientist ⌨️ Python, GCP, Spark, PyTorch  London 1 day per week ️ Initial 3 months, likely to extend to 4/5 months ⏰ Starting on Monday 16th June This role is paying £500-£600 per day, outside IR35 Consultative project, coming in to audit & assess the newly built platform. Utilise data to understand potential ROI. Customer centric B2C. Incredibly large data lake with 20m unique users. This is super clean, slick & well written. Very important for this…",https://www.adzuna.co.uk/jobs/land/ad/5238162291?se=LOXle4hO8BGYr7XIH1J3bQ&utm_medium=api&utm_source=3586d0fb&v=0DB693CA4C3920B2A18611C7D2A06D280C6FBE30,"['spark', 'gcp', 'python']"
Data Scientist,World Wide Technology,"London, UK","World Wide Technology (WWT) is a global technology integrator and supply chain solutions provider. Through our culture of innovation, we inspire, build, and deliver business results, from idea to outcome. World Wide Technology EMEA. has an opportunity available for a Data Scientist or Data Engineer with a strong background in Machine Learning (ML) or Artificial Intelligence (AI) to join our client’s risk and security team. This role is critical in evaluating AI-driven applications and performin…",https://www.adzuna.co.uk/jobs/land/ad/5213769355?se=LOXle4hO8BGYr7XIH1J3bQ&utm_medium=api&utm_source=3586d0fb&v=24DDF5189E65E406D24499875E80C6DD69CEA8C7,[]
Data Scientist,World Wide Technology,"The City, Central London","World Wide Technology (WWT) is a global technology integrator and supply chain solutions provider. Through our culture of innovation, we inspire, build, and deliver business results, from idea to outcome. World Wide Technology EMEA. has an opportunity available for a Data Scientist or Data Engineer with a strong background in Machine Learning (ML) or Artificial Intelligence (AI) to join our client’s risk and security team. This role is critical in evaluating AI-driven applications and performin…",https://www.adzuna.co.uk/jobs/land/ad/5249078010?se=LOXle4hO8BGYr7XIH1J3bQ&utm_medium=api&utm_source=3586d0fb&v=D791D8704A685CB559B68536E99DFAF038CE49E4,[]
Data Scientist,InterEx Group,"London, UK","The ideal candidate's favourite words are learning, data, scale, and agility. You will leverage your strong collaboration skills and ability to extract valuable insights from highly complex data sets to ask the right questions and find the right answers. Responsibilities Analyze raw data: assessing quality, cleansing, and structuring for downstream processing Design accurate and scalable prediction algorithms Collaborate with the engineering team to bring analytical prototypes to production Gen…",https://www.adzuna.co.uk/jobs/land/ad/5254317793?se=LOXle4hO8BGYr7XIH1J3bQ&utm_medium=api&utm_source=3586d0fb&v=D50E41060A37742E87E19B0443B2E3BFE4641702,[]
Chief Data Scientist,First Achieve Ltd,"London, UK",Chief Data Scientist £120k - £150k - London Would you like to join an organisation where data is at the core of the business? Do you want to join a company where you will be backed by the founder to innovate? This company uses models that predict consumer behaviour for B2B consumption. Their success is built on data that isn't available anywhere else. They use their own sources of data to produce highly accurate predictions that nobody else in their sector can achieve. They want you to bring ne…,https://www.adzuna.co.uk/jobs/land/ad/5230702284?se=LOXle4hO8BGYr7XIH1J3bQ&utm_medium=api&utm_source=3586d0fb&v=0CBEA506E506942FDBD793B4F10026F584B42F56,[]
Data Science Trainee,ITOL Recruitment,"Bromley, South East London","Artificial Intelligence is used in every industry and as artificial intelligence requires data to operate there is now a massive growing demand for Data experts. If you are detail orientated, perceptive, organised, competent, analytical and can communicate well with those around you; you could have a truly rewarding future within Data Science. We use our specialised Data Science Career programme which looks to assist, train and place qualified candidates into a career pathway in Data Science. O…",https://www.adzuna.co.uk/jobs/land/ad/5228794771?se=LOXle4hO8BGYr7XIH1J3bQ&utm_medium=api&utm_source=3586d0fb&v=FBF5B364DFFE90162E5198C8659FC2EF3E8F5FB8,[]
Data Science Trainee,ITOL Recruitment,"Enfield, London","Artificial Intelligence is used in every industry and as artificial intelligence requires data to operate there is now a massive growing demand for Data experts. If you are detail orientated, perceptive, organised, competent, analytical and can communicate well with those around you; you could have a truly rewarding future within Data Science. We use our specialised Data Science Career programme which looks to assist, train and place qualified candidates into a career pathway in Data Science. O…",https://www.adzuna.co.uk/jobs/land/ad/5228604053?se=LOXle4hO8BGYr7XIH1J3bQ&utm_medium=api&utm_source=3586d0fb&v=318AE757C1B1904003F41339AB3175545B2E7F5F,[]
Data Science Trainee,ITOL Recruitment,"Croydon, London","Artificial Intelligence is used in every industry and as artificial intelligence requires data to operate there is now a massive growing demand for Data experts. If you are detail orientated, perceptive, organised, competent, analytical and can communicate well with those around you; you could have a truly rewarding future within Data Science. We use our specialised Data Science Career programme which looks to assist, train and place qualified candidates into a career pathway in Data Science. O…",https://www.adzuna.co.uk/jobs/land/ad/5226911358?se=LOXle4hO8BGYr7XIH1J3bQ&utm_medium=api&utm_source=3586d0fb&v=675E82291E9596A03A831D9134ED2FA2BD5C314F,[]
Data Science Trainee,ITOL Recruitment,"London, UK","Artificial Intelligence is used in every industry and as artificial intelligence requires data to operate there is now a massive growing demand for Data experts. If you are detail orientated, perceptive, organised, competent, analytical and can communicate well with those around you; you could have a truly rewarding future within Data Science. We use our specialised Data Science Career programme which looks to assist, train and place qualified candidates into a career pathway in Data Science. O…",https://www.adzuna.co.uk/jobs/land/ad/5241378187?se=LOXle4hO8BGYr7XIH1J3bQ&utm_medium=api&utm_source=3586d0fb&v=B84E31C0B8F276DAEF67B26343547CA76335E4FD,[]
Data Scientist (Pricing),Arthur Recruitment,"The City, Central London","I am working with a growing Insurtech, who are seeking a Data Scientist within their pricing team - this is a growth hire, joining a team of 3. My client has an office in London however, are open to making this role largely remote depending on candidate preference. Responsibilities: Build, innovate, and maintain predictive models within a proprietary Retail Pricing suite, directly impacting prices and customer experience. Collaborate with the Senior Pricing Analyst and key stakeholders to imple…",https://www.adzuna.co.uk/jobs/land/ad/5249083785?se=LOXle4hO8BGYr7XIH1J3bQ&utm_medium=api&utm_source=3586d0fb&v=043F39EB3FAF42133ABC5BCFDB835AAD8FA72246,[]
Data Scientist (Pricing),Arthur Recruitment,"London, UK","I am working with a growing Insurtech, who are seeking a Data Scientist within their pricing team - this is a growth hire, joining a team of 3. My client has an office in London however, are open to making this role largely remote depending on candidate preference. Responsibilities: Build, innovate, and maintain predictive models within a proprietary Retail Pricing suite, directly impacting prices and customer experience. Collaborate with the Senior Pricing Analyst and key stakeholders to imple…",https://www.adzuna.co.uk/jobs/land/ad/5222887260?se=LOXle4hO8BGYr7XIH1J3bQ&utm_medium=api&utm_source=3586d0fb&v=AEA51E0FD97A350F26CAA017B9980E98AD8BA198,[]
Senior Data Scientist,Xcede,"London, UK","A fast-growing, fintech is seeking a Senior Data Scientist to join their expanding team as they embark on an exciting new project. Backed by leading investors, this business is tackling meaningful, real-world challenges through data-driven decision-making. Its collaborative, fast-paced environment offers the chance to tackle complex commercial, product, and data challenges while developing core-business strategy. Contributing to the company’s customer-first attitude, you will work as part of a …",https://www.adzuna.co.uk/jobs/land/ad/5260924961?se=LOXle4hO8BGYr7XIH1J3bQ&utm_medium=api&utm_source=3586d0fb&v=3DB2A3EF9B5EFBF63ED334198F93BAA414870287,[]
Senior Data Scientist,Xcede,"The City, Central London","A fast-growing, fintech is seeking a Senior Data Scientist to join their expanding team as they embark on an exciting new project. Backed by leading investors, this business is tackling meaningful, real-world challenges through data-driven decision-making. Its collaborative, fast-paced environment offers the chance to tackle complex commercial, product, and data challenges while developing core-business strategy. Contributing to the company’s customer-first attitude, you will work as part of a …",https://www.adzuna.co.uk/jobs/land/ad/5260925358?se=LOXle4hO8BGYr7XIH1J3bQ&utm_medium=api&utm_source=3586d0fb&v=7B7104587ACDE881B3D3CD06D67960DA722D5A94,[]
Senior Data Scientist,Harnham,"London, UK","Senior Data Scientist London - hybrid Competitive Salary This dynamic and fast-paced global investment firm are looking for a Senior Data Scientist to join their existing team of experts, reporting into their Head of Data Science. This person will work closely with senior stakeholders and other team members focusing on due diligence. THE ROLE As a Senior Data Scientist for the business you will: • Scope data science projects within the due diligence and value creation teams • Oversee projects, …",https://www.adzuna.co.uk/jobs/land/ad/5224356804?se=LOXle4hO8BGYr7XIH1J3bQ&utm_medium=api&utm_source=3586d0fb&v=7E49F07C33691B6A7688E1C2B65F3455BCCD3CD7,[]
Senior Data Scientist,Harnham,"The City, Central London","Senior Data Scientist London - hybrid Competitive Salary This dynamic and fast-paced global investment firm are looking for a Senior Data Scientist to join their existing team of experts, reporting into their Head of Data Science. This person will work closely with senior stakeholders and other team members focusing on due diligence. THE ROLE As a Senior Data Scientist for the business you will: • Scope data science projects within the due diligence and value creation teams • Oversee projects, …",https://www.adzuna.co.uk/jobs/land/ad/5249000506?se=LOXle4hO8BGYr7XIH1J3bQ&utm_medium=api&utm_source=3586d0fb&v=58948319BF5A3FD2F15DB8C6B2E4715263DE3AB6,[]
Chief Data Scientist,Harnham,"The City, Central London","Chief Data Scientist London – Hybrid (3 days a week in Chelsea) Up to £120,000  Benefits The Opportunity We are excited to be working with a long standing partner of ours on a new Chief Data Scientist position. You will be joining an organisation where data drives strategic decision-making within the property space. You’ll lead the data science vision while remaining hands-on with AI and machine learning initiatives that have real business impact. This is ideal for someone who enjoys blending l…",https://www.adzuna.co.uk/jobs/land/ad/5248917985?se=LOXle4hO8BGYr7XIH1J3bQ&utm_medium=api&utm_source=3586d0fb&v=2713C5247342AB1AB02F2650E5B25D611A71353D,[]
Chief Data Scientist,Harnham,"London, UK","Chief Data Scientist London – Hybrid (3 days a week in Chelsea) Up to £120,000  Benefits The Opportunity We are excited to be working with a long standing partner of ours on a new Chief Data Scientist position. You will be joining an organisation where data drives strategic decision-making within the property space. You’ll lead the data science vision while remaining hands-on with AI and machine learning initiatives that have real business impact. This is ideal for someone who enjoys blending l…",https://www.adzuna.co.uk/jobs/land/ad/5179915786?se=LOXle4hO8BGYr7XIH1J3bQ&utm_medium=api&utm_source=3586d0fb&v=6B05A5727149F504DE73AABE456A2903808C8107,[]
Senior Data Scientist,Harnham,"The City, Central London","Senior Data Scientist UK – Hybrid Up to £80,000 The Company A leading UK telecoms company is expanding its Product and Marketing Data Science teams and is looking for a Senior Data Scientist to help drive data-driven decision-making. This is a great opportunity to work on high-impact projects that directly influence customer engagement, marketing effectiveness, and business growth. The Role As a Senior Data Scientist, you will: Develop and deploy predictive models to enhance customer targeting …",https://www.adzuna.co.uk/jobs/land/ad/5249078910?se=LOXle4hO8BGYr7XIH1J3bQ&utm_medium=api&utm_source=3586d0fb&v=F9DC36B97A321795E7192B4CA1CF129DAF78E005,[]
Senior Data Scientist,Harnham,"London, UK","Senior Data Scientist UK – Hybrid Up to £80,000 The Company A leading UK telecoms company is expanding its Product and Marketing Data Science teams and is looking for a Senior Data Scientist to help drive data-driven decision-making. This is a great opportunity to work on high-impact projects that directly influence customer engagement, marketing effectiveness, and business growth. The Role As a Senior Data Scientist, you will: Develop and deploy predictive models to enhance customer targeting …",https://www.adzuna.co.uk/jobs/land/ad/5170676073?se=LOXle4hO8BGYr7XIH1J3bQ&utm_medium=api&utm_source=3586d0fb&v=07A7F5208F3C16ADCF873AAA9A71C1EC827E4A4E,[]
Head of Data Science,Harnham,"The City, Central London","Head of Data Science London – Hybrid Up to £115,000  Benefits The Opportunity A leading organisation within the Insurance space is seeking a Head of Data Science to lead a team of data scientists and drive high-impact machine learning initiatives. This is a unique opportunity to shape the data science strategy, work closely with senior stakeholders, and lead the adoption AI. Key Responsibilities Lead and mentor a team of data scientists, from mid-level to lead. Identify, prioritise, and deliver…",https://www.adzuna.co.uk/jobs/land/ad/5249033217?se=LOXle4hO8BGYr7XIH1J3bQ&utm_medium=api&utm_source=3586d0fb&v=19056A0AD80C73CE74464997F5AD1A2AD56C2BCB,[]
Head of Data Science,Harnham,"London, UK","Head of Data Science London – Hybrid Up to £115,000  Benefits The Opportunity A leading organisation within the Insurance space is seeking a Head of Data Science to lead a team of data scientists and drive high-impact machine learning initiatives. This is a unique opportunity to shape the data science strategy, work closely with senior stakeholders, and lead the adoption AI. Key Responsibilities Lead and mentor a team of data scientists, from mid-level to lead. Identify, prioritise, and deliver…",https://www.adzuna.co.uk/jobs/land/ad/5170681341?se=LOXle4hO8BGYr7XIH1J3bQ&utm_medium=api&utm_source=3586d0fb&v=CB3428FDF858C6F778D9319A1C8B48EC1C8ACE28,[]
Head of Data Science,In Technology Group,"The City, Central London","Head of Data Science – AI Driven Drug Discovery Location: London (Hybrid) Industry: Biotech / Precision Medicine / Drug Discovery Salary range: £110,000 – £140,000 base (DOE)  bonus  equity Are you ready to shape the future of data science in biotech? A rapidly growing biotech company at the forefront of AI-driven drug discovery is seeking an exceptional Head of Data Science to lead and scale a multidisciplinary team of data scientists, bioinformaticians, and machine learning engineers. This is…",https://www.adzuna.co.uk/jobs/land/ad/5249084821?se=LOXle4hO8BGYr7XIH1J3bQ&utm_medium=api&utm_source=3586d0fb&v=E0FA4419876EBEC8349E14C62554D957CFABE8EB,[]
Head of Data Science,In Technology Group,"London, UK","Head of Data Science – AI Driven Drug Discovery Location: London (Hybrid) Industry: Biotech / Precision Medicine / Drug Discovery Salary range: £110,000 – £140,000 base (DOE)  bonus  equity Are you ready to shape the future of data science in biotech? A rapidly growing biotech company at the forefront of AI-driven drug discovery is seeking an exceptional Head of Data Science to lead and scale a multidisciplinary team of data scientists, bioinformaticians, and machine learning engineers. This is…",https://www.adzuna.co.uk/jobs/land/ad/5222886251?se=LOXle4hO8BGYr7XIH1J3bQ&utm_medium=api&utm_source=3586d0fb&v=0BE7169B962ACAC95E98F97CC86BA7D2040F44D3,[]
Senior Data Scientist,Harnham,"The City, Central London","SENIOR DATA SCIENTIST UP TO £75,000 HYBRID – LONDON – 3 days a week in the office THE COMPANY This Data Science consultancy works with some huge consumer brands in the UK and globally and they are now growing out their team due to growth and success! THE ROLE As a Senior Data Scientist, you can expect to be involved in the following: Running projects and taking responsibility for leading relationships with clients Scoping out business problems, creating data science solutions, and delivering in…",https://www.adzuna.co.uk/jobs/land/ad/5248917616?se=LOXle4hO8BGYr7XIH1J3bQ&utm_medium=api&utm_source=3586d0fb&v=C016C43DE6940363BB5689A9102169E92E4A3DAD,[]
